{
  "name": "datepicker-for-ionic",
  "version": "1.1.7",
  "authors": [
    "Celso Marques <celso.marques82@gmail.com>"
  ],
  "description": "A date picker component for ionic framework",
  "main": [
    "./dist/templates.js",
    "./dist/ionic-datepicker.js",
    "./dist/style.css"
  ],
  "keywords": [
    "ionic-datepicker",
    "ionic",
    "ionic datepicker",
    "datepicker",
    "datepicker ionic",
    "datepicker for ionic",
    "datepicker for ionic framework"
  ],
  "license": "MIT",
  "ignore": [
    "**/.*",
    "node_modules",
    "bower_components",
    "circle.yml",
    "coverage",
    "gulpfile.js",
    "karma.conf.js",
    "npm-debug.log",
    "spec"
  ],
  "dependencies": {
    "ionic": "driftyco/ionic-bower#1.0.0",
    "moment": "~2.10.3",
    "angular": "1.3.13"
  },
  "devDependencies": {
    "angular-mocks": "~1.3.13",
    "jquery": "~2.1.4"
  },
  "resolutions": {
    "angular": "1.3.13"
  },
  "homepage": "https://github.com/celsomarques/ionic-datepicker",
  "_release": "1.1.7",
  "_resolution": {
    "type": "version",
    "tag": "v1.1.7",
    "commit": "0d2b67f499a9c9c507b7a119a979ce73bed5a780"
  },
  "_source": "https://github.com/celsomarques/ionic-datepicker.git",
  "_target": "^1.1.7",
  "_originalSource": "datepicker-for-ionic",
  "_direct": true
}