{
  "name": "ng-flow",
  "version": "2.7.4",
  "ignore": [
    "**/.*",
    "test",
    "samples",
    "build",
    "*.md",
    "karma.conf.js",
    "LICENSE",
    "Gruntfile.js",
    "package.json",
    "bower.json"
  ],
  "main": "./dist/ng-flow.js",
  "dependencies": {
    "angular": "~1",
    "flow.js": "~2"
  },
  "devDependencies": {
    "angular-mocks": "~1"
  },
  "homepage": "https://github.com/flowjs/ng-flow",
  "_release": "2.7.4",
  "_resolution": {
    "type": "version",
    "tag": "v2.7.4",
    "commit": "41c7068a1b136eb894dcf4bc7da49a32de48d7b8"
  },
  "_source": "https://github.com/flowjs/ng-flow.git",
  "_target": "^2.7.4",
  "_originalSource": "ng-flow",
  "_direct": true
}