{
  "name": "angular-mocks",
  "version": "1.5.7",
  "license": "MIT",
  "main": "./angular-mocks.js",
  "ignore": [],
  "dependencies": {
    "angular": "1.5.7"
  },
  "homepage": "https://github.com/angular/bower-angular-mocks",
  "_release": "1.5.7",
  "_resolution": {
    "type": "version",
    "tag": "v1.5.7",
    "commit": "83babc8a9a0072460a439f13d56f20c8069a42dc"
  },
  "_source": "https://github.com/angular/bower-angular-mocks.git",
  "_target": "^1.5.7",
  "_originalSource": "angular-mocks",
  "_direct": true
}