{
  "name": "ion-datetime-picker",
  "version": "0.3.1",
  "authors": [
    "Kate Miháliková <kate@katemihalikova.cz>"
  ],
  "description": "Date and/or time picker for awesome ionic framework",
  "main": [
    "release/ion-datetime-picker.min.js",
    "release/ion-datetime-picker.min.css"
  ],
  "keywords": [
    "ion-datetime-picker",
    "ionic",
    "date",
    "time",
    "picker",
    "cordova",
    "phonegap"
  ],
  "license": "MIT",
  "homepage": "https://github.com/katemihalikova/ionic-datetime-picker",
  "ignore": [
    "**/.*",
    "node_modules"
  ],
  "dependencies": {
    "ionic": "^1.0.0-beta.9"
  },
  "_release": "0.3.1",
  "_resolution": {
    "type": "version",
    "tag": "v0.3.1",
    "commit": "974080cf94df981ae4ab65a39fca71b1545e7d98"
  },
  "_source": "https://github.com/katemihalikova/ion-datetime-picker.git",
  "_target": "^0.3.1",
  "_originalSource": "ion-datetime-picker",
  "_direct": true
}